2021-12-31,France Says Iran's Space Launch 'Regrettable' Amid Nuclear Deal Talks,USNews.com,"Dec 31, 2021"
2021-12-31,Should Kids Be Vaccinated? Brazil Turns to Online Survey,USNews.com,"Dec 31, 2021"
2021-12-31,S.Africa President to Receive Report on Zuma Corruption Inquiry,USNews.com,"Dec 31, 2021"
2021-12-31,Morocco's Tough COVID Restrictions Hammer Tourism Sector,USNews.com,"Dec 31, 2021"
2021-12-31,"Philippines Limits Mobility, Business in Capital Area Over Omicron Threat",USNews.com,"Dec 31, 2021"
2021-12-31,Hong Kong Says Omicron Has Breached Its Strict COVID-19 Restrictions,USNews.com,"Dec 31, 2021"
2021-12-31,"Top 10 World News: Russia`s warning to US, update on Covid hospitalisation 
among kids in US and more",WION,"Dec 31, 2021"
2021-12-31,A New Year Promise from Morocco World News,Morocco World News,"Dec 31, 2021"
2021-12-31,Germany shuts down three of six nuclear power plants,UPI.com,"Dec 31, 2021"
2021-12-31,China's 'artificial sun' smashes 1000-second fusion world record,CGTN,"Dec 31, 2021"
2021-12-31,That’s a wrap: French plastic packaging ban for fruit and veg begins,The Guardian,"Dec 31, 2021"
2021-12-31,Chinese reliance on Middle East oil increases: Report,Hindustan Times,"Dec 31, 2021"
2021-12-31,"Ikea increases prices by 50%, citing rising supply chain cost",UPI.com,"Dec 31, 2021"
2021-12-31,"Australia’s Covid surge in four charts: NSW now has one of world’s highest 
infection rates",The Guardian,"Dec 31, 2021"
2021-12-31,Explained: The Ladakh bridge on the world’s highest road,The Indian Express,"Dec 31, 2021"
2021-12-31,"China harvests masses of data on Western targets, documents ...",The Washington Post,"Dec 31, 2021"
2021-12-31,Indian Market: Sensex down 537.22 pts,Indiablooms,29 mins ago
2021-12-31,Wave of canceled flights from omicron closes out 2021,AP News,"Dec 31, 2021"
2021-12-31,New year 2022 begins in many countries of the world amid the ...,People News Chronicle,"Dec 31, 2021"
2021-01-30,Anthropocene skills need to be at the centre of curricula,University World News,"Jan 30, 2021"
2021-01-30,The latest on the coronavirus pandemic and vaccines: Live updates,CNN,"Jan 30, 2021"
2021-01-30,G7 summit: World leaders should see the 'real St Ives',BBC,"Jan 30, 2021"
2021-01-30,The latest on the coronavirus pandemic and vaccines: Live updates,CNN International,"Jan 30, 2021"
2021-01-30,EU 'fiasco' on N Ireland heaps pressure on Commission,BBC,"Jan 30, 2021"
2021-01-30,Toilet brushes and blue pants: Unusual symbols of Russia's protests,WION,"Jan 31, 2021"
2021-01-30,Is Netflix's 'The Dig' a true story and was Edith Pretty a real person?,Republic World,"Jan 30, 2021"
2021-01-30,Ex-Dodger Scott Erickson charged in fatal crash,Los Angeles Times,"Jan 30, 2021"
2021-01-30,UK applies to join huge Pacific free trade area CPTPP,GOV.UK,"Jan 30, 2021"
2021-01-30,"Keeping Coretta Scott King’s legacy alive, 15 years later",Atlanta Journal-Constitution,"Jan 30, 2021"
2021-01-29,Treat communities as partners to improve social impact,University World News,"Jan 29, 2021"
2021-01-29,What is the role of universities in global upskilling?,University World News,"Jan 29, 2021"
2021-01-29,Iran plans centrifuge expansion : Regulation & Safety,World Nuclear News,"Jan 29, 2021"
2021-01-29,"‘News of the World,’ the acclaimed novel and now movie set in Texas, hits 
streaming",Dallas Morning News,"Jan 29, 2021"
2021-01-29,In whose hands is the Holocaust?,Haaretz,"Jan 29, 2021"
2021-01-29,China Escalates War Rhetoric Over Taiwan: Do Not Test Our Determination,USNews.com,"Jan 29, 2021"
2021-01-29,Biden nominee confirms opposition to Yucca Mountain ...,World Nuclear News,"Jan 29, 2021"
2021-01-29,Amazon Game Studios Struggles to Find a Hit,Bloomberg.com,"Jan 29, 2021"
2021-01-29,Kenyan acrobatic troupe trains for post-Covid shows – in ...,The Guardian,"Jan 29, 2021"
2021-01-29,China derecognizes British National Overseas passport,Hindustan Times,"Jan 29, 2021"
2021-01-29,Tech Tent: Iron Man’s climate change mission,BBC,"Jan 29, 2021"
2021-01-29,Canada and UK among countries with most vaccine doses ...,The Guardian,"Jan 29, 2021"
2021-01-29,Thomson Reuters Announces Closing of Sale of Refinitiv to ...,PR Newswire,"Jan 29, 2021"
2021-01-29,The Lukashenko regime’s persecution of Belarus journalists,The Indian Express,"Jan 29, 2021"
2021-01-29,First Lady Jill Biden: What’s next on her agenda?,The Indian Express,"Jan 29, 2021"
2021-01-29,Tributes to slave traders and colonialists removed across UK,The Guardian,"Jan 29, 2021"
2021-01-29,"Australia: Scientists embark on voyage to count krill population in 
Antarctic",Republic World,"Jan 29, 2021"
2021-01-29,"Tunisian President Kais Saied receives poison letter, top aide falls ill",Republic World,"Jan 29, 2021"
2021-01-29,How Fontaines D.C. Avoided The Sophomore Slump On 'A ...,NPR,"Jan 29, 2021"
2021-01-29,"Britain withdraws coronavirus public awareness ad criticised for '1950s 
sexism'",Hindustan Times,"Jan 29, 2021"
2021-01-29,Fate: The Winx Saga ending explained: Details about the ...,Republic World,"Jan 29, 2021"
2021-01-29,Female Genital Cutting Is on the Rise During COVID in Kenya,Pulitzer Center,"Jan 29, 2021"
2021-01-29,"Biden visits wounded soldiers at Walter Reed, where son died",The San Diego Union-Tribune,"Jan 29, 2021"
2021-01-28,"The BBC's Influence Is Rising Stateside, Revealing a Hunger ...",Foreign Policy,"Jan 28, 2021"
2021-01-28,"China toughens language, warns Taiwan that independence 'means war'",Hindustan Times,"Jan 28, 2021"
2021-01-28,Russia detains allies of jailed opposition leader Alexei Navalny,The Indian Express,"Jan 28, 2021"
2021-01-28,Biden rescinds abortion restrictions on US foreign aid,AP News,"Jan 28, 2021"
2021-01-28,Belgium to expel Turkish imam after `homophobic` posts,WION,"Jan 28, 2021"
2021-01-28,Joe Biden’s new CDC director takes over institution in crisis,Hindustan Times,"Jan 28, 2021"
2021-01-28,World Economic Forum launches Global artificial intelligence alliance,Hindustan Times,"Jan 28, 2021"
2021-01-28,"World's first 'flying taxi' and drone airport to open in Coventry later 
this year",Sky News,"Jan 28, 2021"
2021-01-28,One third of Africa will be vaccinated this year: WHO,Hindustan Times,"Jan 28, 2021"
2021-01-28,"COVID-19: Bats living in Cambodia in 2010 carried 'nearly identical' 
pathogen to COVID-19 virus, scientists discover",Sky News,"Jan 28, 2021"
2021-01-28,Maidenhead's Khalsa Aid nominated for Nobel Peace Prize,BBC,"Jan 28, 2021"
2021-01-28,"US slows arms sales to Saudi Arabia, UAE for review",Hindustan Times,"Jan 28, 2021"
2021-01-28,Somali women eye seats in government dominated by men,The Indian Express,"Jan 28, 2021"
2021-01-28,Toyota overtakes Volkswagen as top-selling global auto maker,The Economic Times,"Jan 28, 2021"
2021-01-28,More than half of world’s airline pilots no longer flying-survey,The Indian Express,"Jan 28, 2021"
2021-01-28,"Keppel enters into second framework deed with Borr Drilling to defer 
scheduled delivery of rigs",Hellenic Shipping News Worldwide,"Jan 28, 2021"
2021-01-28,Novavax publishes positive efficacy data for its COVID-19 ...,GOV.UK,"Jan 28, 2021"
2021-01-28,POLITICO Playbook: SCOOP: Inside the White House's new ...,Politico,"Jan 28, 2021"
2021-01-28,Popular US singer Halsey announces first pregnancy ...,Tuko,"Jan 28, 2021"
2021-01-27,Report: World News Tonight Weekend Anchor Tom Llamas ...,Adweek,"Jan 27, 2021"
2021-01-27,Most popular news websites: Top 50 biggest websites in the ...,Press Gazette,"Jan 27, 2021"
2021-01-27,World's largest survey of public opinion on climate change: a ...,United Nations Development Programme,"Jan 27, 2021"
2021-01-27,Coronavirus: EU demands UK-made AstraZeneca vaccine doses,BBC,"Jan 27, 2021"
2021-01-27,Extinction: 'Time is running out' to save sharks and rays,BBC,"Jan 27, 2021"
2021-01-27,Tickle College of Engineering Rises in U.S. News and World ...,News,"Jan 27, 2021"
2021-01-27,"Freddy, the world's tallest dog, dies aged 8",Guinness World Records,"Jan 27, 2021"
2021-01-27,"Climate crisis: world is at its hottest for at least 12,000 years – study",The Guardian,"Jan 27, 2021"
2021-01-27,Netanyahu to Davos: Israel is 'world's laboratory for immunity',The Jerusalem Post,"Jan 27, 2021"
2021-01-27,"How to become President in BitLife: A detailed guide on running for 
President",Republic World,"Jan 27, 2021"
2021-01-27,FORM Smart Swim Goggles Now Connect to Leading Swim ...,Swimming World,"Jan 27, 2021"
2021-01-27,"Kobe Bryant death anniversary: NBA community fondly remembers legend 1 year 
after tragedy",Republic World,"Jan 27, 2021"
2021-01-27,Hashtagging the Holocaust: How COVID gave death camps new life online,Haaretz,"Jan 27, 2021"
2021-01-27,2021's 'Doomsday Clock' stuck at 100 seconds until the end of ...,EURACTIV.com,"Jan 27, 2021"
2021-01-27,Indonesia's Mount Merapi volcano erupts – in pictures | World ...,The Guardian,"Jan 27, 2021"
2021-01-27,Pakistan unveils plan to administer Covid-19 vaccine across country,Hindustan Times,"Jan 27, 2021"
2021-01-27,Israeli army chief slams Iran Nuclear Deal as strategically unacceptable,Hindustan Times,"Jan 27, 2021"
2021-01-27,'Crazy and evil': Bill Gates surprised by pandemic conspiracies about him,Hindustan Times,"Jan 27, 2021"
2021-01-27,How to join the mafia in BitLife? List of all mob families you can join,Republic World,"Jan 27, 2021"
2021-01-27,Indonesia volcano eruption: Merapi ejects new ash cloud,The Indian Express,"Jan 27, 2021"
2021-01-27,French Holocaust memorial vandalized on remembrance day,Hindustan Times,"Jan 27, 2021"
2021-01-27,"Iran, Taliban officials say US pushing war in Afghanistan",The Indian Express,"Jan 27, 2021"
2021-01-27,New supercomputer in Wyoming to rank among world's fastest,AP News,"Jan 27, 2021"
2021-01-27,China’s Zero-Tolerance Covid Approach Now Includes Anal Swabs,Hindustan Times,"Jan 27, 2021"
2021-01-27,US says Eritrean forces should leave Tigray immediately,The Indian Express,"Jan 27, 2021"
2021-01-27,"Deforestation soars in Amazon forest in 2020, analysis finds",Hindustan Times,"Jan 27, 2021"
2021-01-27,COVID-19: WHO races to develop vaccination card,The Indian Express,"Jan 27, 2021"
2021-01-27,South Africa cracks down on Bitcoin after alleged ponzi scheme,Hindustan Times,"Jan 27, 2021"
2021-01-27,Allentown School District expands STEM partnership | Lehigh ...,WFMZ,"Jan 27, 2021"
2021-01-27,"Despite 2020 hit, tourism readies | Covid19",news-herald.net,"Jan 27, 2021"
2021-01-27,Oklahoma seeking to return $2M worth of hydroxychloroquine,AP News,"Jan 27, 2021"
2021-01-27,An Oral History of Disney's 'The Emperor's New Groove',Vulture,"Jan 27, 2021"
2021-01-27,Insights from the Toltec Prophecies: 2021-2026 | Tom Rapsas,Patheos,"Jan 27, 2021"
2021-01-27,Budget 2021: Government to take another shot at privatisation,Moneycontrol,"Jan 27, 2021"
2021-01-26,U.S. News & World Report Ranks Embry-Riddle No. 1 for ...,ERAU News,"Jan 26, 2021"
2021-01-26,FAU | FAU Online Programs Rise in 'US News & World Report ...,Florida Atlantic University,"Jan 26, 2021"
2021-01-26,US News & World Report ranks FHSU Online among the best ...,Fort Hays State University,"Jan 26, 2021"
2021-01-26,Blackrock chief: ‘How Covid could help save the planet’,BBC,"Jan 26, 2021"
2021-01-26,WHO recommends the dapivirine vaginal ring as a new choice ...,WHO | World Health Organization,"Jan 26, 2021"
2021-01-26,U.S. announces restoration of relations with Palestinians,AP News,"Jan 26, 2021"
2021-01-26,Face the Nation Names World News Tonight Alum Avery ...,Adweek,"Jan 26, 2021"
2021-01-26,World War II hangar gets new life | Local News ...,Tullahoma News,"Jan 26, 2021"
2021-01-26,Trump opens office to ‘carry on’ his administration’s agenda,Hindustan Times,"Jan 26, 2021"
2021-01-26,UN forecasts 4.7% global economic growth in 2021,AP News,"Jan 26, 2021"
2021-01-26,Italian prime minister Giuseppe Conte resigns,Sky News,"Jan 26, 2021"
2021-01-26,Poland's population rapidly shrinking under pandemic,Hindustan Times,"Jan 26, 2021"
2021-01-26,Did Apple force users to buy new iPhones?,WION,"Jan 26, 2021"
2021-01-26,Artist Profile: News of the World Production Designer David ...,BTL News,"Jan 26, 2021"
2021-01-26,The strongest dog breeds in the world,News Anyway,"Jan 26, 2021"
2021-01-26,"Senior North Korean diplomat defects to South Korea, reports claim",Sky News,"Jan 26, 2021"
2021-01-26,Antony Blinken succeeds Mike Pompeo as 71st secretary of state,Hindustan Times,"Jan 26, 2021"
2021-01-26,Putin`s popularity slips as Alexei Navalny`s political equity rises,WION,"Jan 26, 2021"
2021-01-26,COVID-19: Surviving two weeks in a Chinese quarantine hotel,Sky News,"Jan 26, 2021"
2021-01-26,Germany challenges AstraZeneca Covid vaccine efficacy reports,The Guardian,"Jan 26, 2021"
2021-01-26,"Biggest mob trial in 30 years takes aim at Italy's most powerful and 
notorious crime group",NBC News,"Jan 26, 2021"
2021-01-26,Covid pandemic could last 4 to 5 years: Singapore minister,WION,"Jan 26, 2021"
2021-01-26,Watchdog group to track hiring of ex-Trump aides,Hindustan Times,"Jan 26, 2021"
2021-01-26,"Bob Fisher, former world champion sailor and Guardian writer, dies aged 85",The Guardian,"Jan 26, 2021"
2021-01-26,Buhari replaces service chiefs | The Guardian Nigeria News ...,The Guardian Nigeria News,"Jan 26, 2021"
2021-01-26,Blast heard in Saudi capital Riyadh: Report,Hindustan Times,"Jan 26, 2021"
2021-01-26,The Top 20 richest teams in world football,MARCA,"Jan 26, 2021"
2021-01-26,"Beam Suntory to move global HQ to New York, but Chicago ...",Chicago Tribune,"Jan 26, 2021"
2021-01-26,Put your love on display with Little Five Points Valentine’s Day mural,Atlanta Journal-Constitution,"Jan 26, 2021"
2021-01-25,The World Is Dangerously Dependent on Taiwan for ...,Bloomberg.com,"Jan 25, 2021"
2021-01-25,How the Arab spring engulfed the Middle East – and changed ...,The Guardian,"Jan 25, 2021"
2021-01-25,Bloodhound supersonic car project up for sale,BBC,"Jan 25, 2021"
2021-01-25,UNLV Online Programs Shine in Latest U.S. News & World ...,UNLV,"Jan 25, 2021"
2021-01-25,Indian and Chinese soldiers clash at disputed Sikkim frontier,Sky News,"Jan 25, 2021"
2021-01-25,"‘Harry Potter’ Live-Action TV Series in Early Development at HBO Max 
(Exclusive)",The Hollywood Reporter,"Jan 25, 2021"
2021-01-25,Flaming Lips stage unique 'space bubble' concert in Oklahoma,BBC,"Jan 25, 2021"
2021-01-25,"What happened to Facebook? Facebook session expired and login issue 
explained",Republic World,"Jan 25, 2021"
2021-01-25,"Dutch PM Rutte condemns riots against lockdown, curfew as ""criminal""",Hindustan Times,"Jan 25, 2021"
2021-01-25,[UPDATE] Solar Storms: Are They Dangerous?,Nature World News,"Jan 25, 2021"
2021-01-25,Sexual abuse survivor Grace Tame named Australian of the Year,Hindustan Times,"Jan 25, 2021"
2021-01-25,WHO in Wuhan is probing Covid's origins as politics hangs over mission,NBC News,"Jan 25, 2021"
2021-01-25,Lee Rigby killer Michael Adebowale in hospital with Covid-19,BBC,"Jan 25, 2021"
2021-01-25,Chaos mars over-80s vaccine start in major German state,AP News,"Jan 25, 2021"
2021-01-25,"10 dead, one still missing in China's gold mine blast",India Today,"Jan 25, 2021"
2021-01-25,"Pakistani dissident Karima Baloch buried amid high security, say activists",Hindustan Times,"Jan 25, 2021"
2021-01-25,North Korea’s acting envoy to Kuwait has defected to South Korea: Lawmaker,The Indian Express,"Jan 25, 2021"
2021-01-25,Implementing Pharmacist Contraceptive Prescribing: A ...,"Manatt, Phelps & Phillips, LLP","Jan 25, 2021"
2021-01-24,Don't let craggy Central Texas mountains deter you from ...,Houston Chronicle,"Jan 24, 2021"
2021-01-24,Students create a business model for combating hunger,University World News,"Jan 24, 2021"
2021-01-24,"Top 10 world news: Violence in Russia increases, Pfizer clarifies deaths, 
and more",WION,"Jan 24, 2021"
2021-01-24,"Ailing pope, reducing appearances, prays for homeless dead",Hindustan Times,"Jan 24, 2021"
2021-01-24,Taiwan reports large incursion by Chinese air force,The Indian Express,"Jan 24, 2021"
2021-01-24,Russian Nord Stream 2 pipe-laying ship arrives off Denmark,WION,"Jan 24, 2021"
2021-01-24,"Covid: Vaccinated people may spread virus, says Van-Tam",BBC,"Jan 24, 2021"
2021-01-24,Kaja Kallas to become first woman Prime Minister of Estonia,Hindustan Times,"Jan 24, 2021"
2021-01-24,Explained: Asia's 'most-wanted' drug boss Tse Chi Lop,Hindustan Times,"Jan 24, 2021"
2021-01-24,"Dutch police clash with protesters in Amsterdam, Eindhoven",The Indian Express,"Jan 24, 2021"
2021-01-24,Cyclone Eloise brings floods to Mozambique's second city Beira,BBC,"Jan 24, 2021"
2021-01-24,Nepal PM KP Sharma Oli expelled from ruling Communist Party,Hindustan Times,"Jan 24, 2021"
2021-01-24,Germany orders coronavirus drugs that cured Donald Trump,WION,"Jan 24, 2021"
2021-01-24,"Bangladesh to buy Myanmar rice, putting aside Rohingya crisis",Hindustan Times,"Jan 24, 2021"
2021-01-24,"How Germany’s far-right party is luring Jewish voters in this year’s 
election",Haaretz,"Jan 24, 2021"
2021-01-23,"Making of ‘News of the World’: How the Tom Hanks Western Is “Speaking to 
Now”",The Hollywood Reporter,"Jan 23, 2021"
2021-01-23,"Italy Reports 488 Coronavirus Deaths and 13,331 New Cases",USNews.com,"Jan 23, 2021"
2021-01-23,Italy's Lombardy Spars With Government Over Virus Data Mishap,US News & World Report,"Jan 23, 2021"
2021-01-23,Pope Again Cancels Appearances Due to Nerve Pain | World ...,USNews.com,"Jan 23, 2021"
2021-01-23,Illinois Swimming & Diving Takes Down Nebraska in Lincoln,Swimming World,"Jan 23, 2021"
2021-01-23,Russian authorities arrest over a dozen supporters of Navalny,WION,"Jan 23, 2021"
2021-01-23,"Hitman 3 Dubai helicopter key: Go through this walkthrough to complete the 
mission",Republic World,"Jan 23, 2021"
2021-01-23,"Larry King, iconic radio and TV interviewer, dies aged 87",WION,"Jan 23, 2021"
2021-01-23,"Saudi Arabia optimistic, expects 'excellent relations' with Biden 
administration",Hindustan Times,"Jan 23, 2021"
2021-01-23,TikTok reviews Italian data watchdog’s order to block accounts,Hindustan Times,"Jan 23, 2021"
2021-01-23,'Unacceptable' vaccine delays cause frustration across European Union,Sky News,"Jan 23, 2021"
2021-01-23,"Louisville Men, Kentucky Women on Top in Bluegrass Battle",Swimming World,"Jan 23, 2021"
2021-01-23,Italian king's heir apologises for monarchy's Holocaust role,Hindustan Times,"Jan 23, 2021"
2021-01-23,"TikTok, YouTube delete content promoting `illegal` protests for Navalny",WION,"Jan 23, 2021"
2021-01-23,"Mongolia PM quits, blames president over Covid protests",The Indian Express,"Jan 23, 2021"
2021-01-23,"List of countries under restrictions a year after world's first coronavirus 
lockdown in Wuhan",Hindustan Times,"Jan 23, 2021"
2021-01-23,"Call My Agent! Will Gompertz reviews Netflix's French comedy drama series 
★★★★★",BBC,"Jan 23, 2021"
2021-01-22,"Meet Helena Zengel, Tom Hanks' 12-year-old 'News of the ...",ABC7 New York,"Jan 22, 2021"
2021-01-22,"Urgent, Effective Action Required to Quell the Impact of COVID ...",World Bank Group,"Jan 22, 2021"
2021-01-22,News Literacy Week: Spotting fake news in a digital world,The Denver Channel,"Jan 22, 2021"
2021-01-22,"Biden administration renewed support for World Health Organization is 'good 
news for America and the world,' scientists say",USA Today,"Jan 22, 2021"
2021-01-22,Opportunities Out of this World,Ithaca College,"Jan 22, 2021"
2021-01-22,"COVAX Announces new agreement, plans for first deliveries",WHO | World Health Organization,"Jan 22, 2021"
2021-01-22,Jon Huntsman named new chairman of World Trade Center Utah,Deseret News,"Jan 22, 2021"
2021-01-22,Hitman 3 dubai safe code: Here are the keypad codes for these 4 floors,Republic World,"Jan 22, 2021"
2021-01-22,Grantham warns of Joe Biden stimulus further inflating epic bubble,Hindustan Times,"Jan 22, 2021"
2021-01-22,Time to break monopoly of Big Tech?,WION,"Jan 22, 2021"
2021-01-22,World's Most Powerful Animal Bites of 2021,Nature World News,"Jan 22, 2021"
2021-01-22,Brazil receives vaccine cargo from India amid supply concern,ABC News,"Jan 22, 2021"
2021-01-22,Icelandic man receives world's first double-arm-and-shoulder transplant,The Guardian,"Jan 22, 2021"
2021-01-22,Sikh anchor contemplating leaving Pakistan after threats,Times of India,"Jan 22, 2021"
2021-01-22,"A timeline: Wuhan, one year after coronavirus lockdown",Hindustan Times,"Jan 22, 2021"
2021-01-22,Fauci unleashed: Doc takes ‘liberating’ turn at center stage,The Indian Express,"Jan 22, 2021"
2021-01-22,Alexei Navalny releases investigation into Vladimir Putin's ...,The Guardian,"Jan 22, 2021"
2021-01-22,"Now, Biden removes Trump`s Diet Coke button from Oval desk",WION,"Jan 22, 2021"
2021-01-22,"Egypt: 4,200-year-old funerary temple for a queen discovered",WION,"Jan 22, 2021"
2021-01-22,Parler’s new partner has ties to the Russian government,Hindustan Times,"Jan 22, 2021"
2021-01-22,"The Nelson-Atkins Museum of Art Is Considering Changing Its Name After a 
Local Newspaper Surfaced Its Founder’s Racist Legacy",Artnet News,"Jan 22, 2021"
2021-01-22,"Resident Evil 8 PC requirements: Here are the minimum and recommended specs 
to run it",Republic World,"Jan 22, 2021"
2021-01-22,Julie Payette: Queen's representative in Canada quits amid bullying claims,Sky News,"Jan 22, 2021"
2021-01-22,"What is green hydrogen, how is it made and will it be the fuel of the 
future?",ABC,"Jan 22, 2021"
2021-01-22,"Cliffs to restart Cleveland-area blast furnace, stresses value ...",S&P Global,"Jan 22, 2021"
2021-01-22,What Does Honda's Type R Mean?,The Drive,"Jan 22, 2021"
2021-01-21,NATO Warns Against Nuclear Pact Expiry Days Before ...,USNews.com,"Jan 21, 2021"
2021-01-21,UCI to build world-class hospital on Irvine campus,UCI News,"Jan 21, 2021"
2021-01-21,The Popes and the atomic threat: Appealing to world's ...,Vatican News,"Jan 21, 2021"
2021-01-21,News of the World Is Basically The Mandalorian In the Old West,CBR,"Jan 21, 2021"
2021-01-21,'Hugely positive news': World leaders hail Joe Biden's ...,Republic World,"Jan 21, 2021"
2021-01-21,How COVID saved us from Zara and H&M's trap,Haaretz,"Jan 21, 2021"
2021-01-21,Mongolian prime minister submits resignation after Covid-19 protests,Hindustan Times,"Jan 21, 2021"
2021-01-21,Two of the World's Most Tyrannical Regimes Are Celebrating ...,The Christian Broadcasting Network,"Jan 21, 2021"
2021-01-21,Oliver Cromwell gold coin sells for world record £471k at auction,BBC,"Jan 21, 2021"
2021-01-21,How France Became the Global Centre of Vaccine Resistance,VICE,"Jan 21, 2021"
2021-01-21,Strong earthquake shakes southern Philippines; no tsunami,The Indian Express,"Jan 21, 2021"
2021-01-21,Biden inauguration leaves QAnon believers in disarray,BBC,"Jan 21, 2021"
2021-01-21,What happened to Laura Ingraham's arm? Netizens worried about the TV host,Republic World,"Jan 21, 2021"
2021-01-21,"One of the world's oldest mosques found in Tiberias, Israel",Haaretz,"Jan 21, 2021"
2021-01-21,"KLM to cut 1000 more jobs, says mandatory COVID-19 testing ...",Reuters,"Jan 21, 2021"
2021-01-21,"Installation of lectors, acolytes means more than service at Mass",Catholic Philly,"Jan 21, 2021"
2021-01-21,"Scientist Author Busts Myths About Exercise, Sitting And Sleep ...",NPR,"Jan 21, 2021"
2021-01-21,Christian Group Names Nigeria Hot Spot for Persecution,Voice of America,"Jan 21, 2021"
2021-01-21,"Twin suicide bombings rock central Baghdad, at least 28 dead",IndiaTV News,"Jan 21, 2021"
2021-01-21,Pakistan faces dilemma of sourcing Covid-19 vaccines,Hindustan Times,"Jan 21, 2021"
2021-01-21,EU Parliament Vote Critical to Hold Companies to Account,Human Rights Watch,"Jan 21, 2021"
2021-01-21,Website ranks Jersey as world's 'most expensive place to live',Jersey Evening Post,"Jan 21, 2021"
2021-01-21,Anxious? Here's How To Relax More And Work Less : Life Kit,NPR,"Jan 21, 2021"
2021-01-21,Two arrested on human trafficking charges,KGET.com,"Jan 21, 2021"
2021-01-21,Cerevel Therapeutics Announces the Appointments of Deval ...,GlobeNewswire,"Jan 21, 2021"
2021-01-20,Thai Royalists Launch Political Party to Protect Monarchy,USNews.com,"Jan 20, 2021"
2021-01-20,Full transcript of Joe Biden's inauguration speech,BBC,"Jan 20, 2021"
2021-01-20,Biden inauguration: Global media consider 'colossal challenge',BBC,"Jan 20, 2021"
2021-01-20,WHO Information Notice for Users 2020/05,WHO | World Health Organization,"Jan 20, 2021"
2021-01-20,Britain Hopes Biden Will Commit to Net-Zero Target by 2050 ...,USNews.com,"Jan 20, 2021"
2021-01-20,Uranus-Mars January Conjunction: Everything You Should Know!,Nature World News,"Jan 20, 2021"
2021-01-20,"Trump pardons dozens in final hours, including ex-aide Steve Bannon",BBC,"Jan 20, 2021"
2021-01-20,"Web's inventor says news media bargaining code could break the internet. 
He's right — but there's a fix",The Conversation,"Jan 20, 2021"
2021-01-20,VIDEO: Rare Rock Looks Like A Cookie Monster,Nature World News,"Jan 20, 2021"
2021-01-20,Tiffany Trump announces engagement on dad`s final full day,WION,"Jan 20, 2021"
2021-01-20,Joe Biden sworn in as 46th President of United States,WION,"Jan 20, 2021"
2021-01-20,Thumb injury forces top gamer to retire at 25,BBC,"Jan 20, 2021"
2021-01-20,"Did Delonte West's NBA career derail after his alleged affair with LeBron 
James' mother?",Republic World,"Jan 20, 2021"
2021-01-20,A day of many firsts: Highlights from US presidential inauguration,WION,"Jan 20, 2021"
2021-01-20,A Shaken Global Image of the U.S. Awaits Joe Biden,USNews.com,"Jan 20, 2021"
2021-01-20,Seventeen Republican House representatives commit to work with Biden,WION,"Jan 20, 2021"
2021-01-20,QAnon's 'Great Awakening' failed to materialize. What's next could be worse,The Guardian,"Jan 20, 2021"
2021-01-20,Three dead as gas blast rips through Madrid building,Hürriyet Daily News,"Jan 20, 2021"
2021-01-20,What are super troops in Clash of Clans? Here is everything ...,Republic World,"Jan 20, 2021"
2021-01-20,Dinosaur fossils found in Argentina could belong to the world's ...,Republic World,"Jan 20, 2021"
2021-01-20,Foreigners without face masks punished with push-ups in Bali,WION,"Jan 20, 2021"
2021-01-20,Trump’s exit: President leaves office with legacy of chaos,IndiaTV News,"Jan 20, 2021"
2021-01-20,"Trump leaves White House, says ‘it’s been a great honor’",The Indian Express,"Jan 20, 2021"
2021-01-20,Tynwald approves new cannabis cultivation and exportation laws,BBC,"Jan 20, 2021"
2021-01-20,"Jailed Alexei Navalny releases investigation into Vladimir Putin's '£1bn 
palace'",Sky News,"Jan 20, 2021"
2021-01-20,Coronavirus News Update – Jan. 20: Biden Leads Nation in ...,Frequent Business Traveler,"Jan 20, 2021"
2021-01-19,"Top 10 world news today: Trump could issue 100 pardons, Navalny due in 
court soon, and more",WION,"Jan 19, 2021"
2021-01-19,Trump 'provoked' Capitol mob: Republican Senate leader McConnell,Times of India,"Jan 19, 2021"
2021-01-19,Police arrest woman accused of laptop theft from Pelosi's office,Hindustan Times,"Jan 19, 2021"
2021-01-19,Private Equity Firm Buys Cost Plus World Market for $110 Million,Spectrum News,"Jan 19, 2021"
2021-01-19,Protection in Danger Monthly News Brief - December 2020 ...,ReliefWeb,"Jan 19, 2021"
2021-01-19,World's Largest Lakes Reveal Climate Change Trends ...,Michigan Technological University,"Jan 19, 2021"
2021-01-19,How to unlock Knives in Scott Pilgrim vs The World game? Know details,Republic World,"Jan 19, 2021"
2021-01-19,Thai court gives record 43-year sentence for insulting king,The Indian Express,"Jan 19, 2021"
2021-01-19,"End of an era: German Chancellor Angela Merkel prepares to step down after 
15 years",WION,"Jan 19, 2021"
2021-01-19,"Joe Biden admin will engage the world 'as it is', not 'as it was' says : 
Secretary of State-designate Antony Blinken",Hindustan Times,"Jan 19, 2021"
2021-01-19,Kingswood Capital Management Completes Acquisition of ...,PR Newswire,"Jan 19, 2021"
2021-01-19,"Australia's proposed media code could break the world wide web, says the 
man who invented it",The Guardian,"Jan 19, 2021"
2021-01-19,How to make money on Snapchat spotlight: A detailed overview,Republic World,"Jan 19, 2021"
2021-01-19,It's Official: Fiat Chrysler and PSA Group Are Now Stellantis,Car and Driver,"Jan 19, 2021"
2021-01-19,"Alaves vs Sevilla live stream, prediction, team news, LaLiga live",Republic World,"Jan 19, 2021"
2021-01-19,"Hashtag campaign meant to spread positivity, resources ...",Lawrence Journal-World,"Jan 19, 2021"
2021-01-19,ABC News Names Cecilia Vega Chief White House Correspondent,The Hollywood Reporter,"Jan 19, 2021"
2021-01-19,Uganda slams US over attempted visit to confined opposition leader,WION,"Jan 19, 2021"
2021-01-19,China gives no return date for Indian students stranded home,Hindustan Times,"Jan 19, 2021"
2021-01-19,"Facts on the top 10 orthopedic hospitals, per US News ...",Becker's Spine Review,"Jan 19, 2021"
2021-01-19,Global sales of electric cars accelerate fast in 2020 despite pandemic,The Guardian,"Jan 19, 2021"
2021-01-19,Rwandan capital back under full coronavirus lockdown,Times of India,"Jan 19, 2021"
2021-01-19,"Randy Spelling reveals why he left Hollywood after his father Aaron 
Spelling passed away",Republic World,"Jan 19, 2021"
2021-01-19,GTA 5 Armored Truck locations: How to rob Armored Trucks in the game?,Republic World,"Jan 19, 2021"
2021-01-19,"Body of kidnapped priest found with machete wounds in Nigeria; brother 
remains missing",Christian Post,"Jan 19, 2021"
2021-01-19,"'The BTS planet': NASA discovers new planet, netizens say K ...",Republic World,"Jan 19, 2021"
2021-01-19,"Turkey slaps advertising ban on Twitter, Pinterest",The Indian Express,"Jan 19, 2021"
2021-01-19,Fire guts Sokoto new market | The Guardian Nigeria News ...,The Guardian Nigeria News,"Jan 19, 2021"
2021-01-19,'Bed poverty' charity has surge of requests for help,BBC,"Jan 19, 2021"
2021-01-19,"Trump pardons Bannon, dozens more on last full day as president",Los Angeles Times,"Jan 19, 2021"
2021-01-19,AMA announces update to COVID-19 vaccine CPT codes,American Medical Association,"Jan 19, 2021"
2021-01-19,Black History Month 2021: How you can mark the celebration,Atlanta Journal-Constitution,"Jan 19, 2021"
2021-01-19,Toronto-area cop wanted to file report on mistress after affair ...,CTV News Toronto,"Jan 19, 2021"
2021-01-18,‘Appalling’: World leaders react to Alexei Navalny’s arrest in Russia,Hindustan Times,"Jan 18, 2021"
2021-01-18,"After roof shattering victory, Kamala Harris faces daunting challenges",Hindustan Times,"Jan 18, 2021"
2021-01-18,Man hospitalised in Germany after camel bites him in face,Hindustan Times,"Jan 18, 2021"
2021-01-18,Do Widgets Drain Battery? Learn more about Widgets and ...,Republic World,"Jan 18, 2021"
2021-01-18,"UK man on a mission to find long-lost hard drive with bitcoin worth $280 
million",Hindustan Times,"Jan 18, 2021"
2021-01-18,Did NASA find new planet? An abandoned gas-giant planet with 3 star system,Republic World,"Jan 18, 2021"
2021-01-18,California pauses use of Moderna vaccine batch over allergic reactions,WION,"Jan 18, 2021"
2021-01-18,PDM announces new round of anti-government rallies across Pakistan,Hindustan Times,"Jan 18, 2021"
2021-01-18,"Bobi Wine: Uganda's pop star politician makes plea to the world after being 
'made prisoner in his own home'",Sky News,"Jan 18, 2021"
2021-01-18,A timeline of the controversial Keystone XL pipeline project,CTV News,"Jan 18, 2021"
2021-01-17,Joe Ricketts is launching a national news outlet based in Omaha,Omaha World Herald,"Jan 17, 2021"
2021-01-17,Rioters who attacked US Capitol seek pardons from President Trump,WION,"Jan 17, 2021"
2021-01-17,"In inaugural address, Joe Biden will appeal to national unity",Hindustan Times,"Jan 17, 2021"
2021-01-17,"Bill Gates turns farmer, biggest farmer in United States",Zee News,"Jan 17, 2021"
2021-01-17,Mensam Mundum – World Table: Spices – the flavors that ...,Lake County News,"Jan 17, 2021"
2021-01-17,Hugues Fabrice Zango breaks world indoor triple jump record,Republic World,"Jan 17, 2021"
2021-01-17,US military says its troop removal from Somalia is complete,Hindustan Times,"Jan 17, 2021"
2021-01-17,Egypt unveils 3000-year old coffins in latest archaeological discovery,The Indian Express,"Jan 17, 2021"
2021-01-17,Explained: Why Kremlin critic Navalny faces immediate arrest in Russia?,Hindustan Times,"Jan 17, 2021"
2021-01-17,Uganda`s Bobi Wine still under `house arrest` after poll: Party,WION,"Jan 17, 2021"
2021-01-17,Death toll in Sudan Darfur clashes rises to 48,India Today,"Jan 17, 2021"
2021-01-17,"Springsteen, Miranda set for Joe Biden’s inaugural gala",The Indian Express,"Jan 17, 2021"
2021-01-17,Two women judges of Afghanistan’s Supreme Court shot dead,The Indian Express,"Jan 17, 2021"
2021-01-17,Hindu community leader demands protection for temple in Pakistan's Havelian,Hindustan Times,"Jan 17, 2021"
2021-01-17,Atezolizumab/Bevacizumab Combo Maintains Survival ...,OncLive,"Jan 17, 2021"
2021-01-17,Ivosidenib Induces OS Benefit in Advanced IDH1+ ...,OncLive,"Jan 17, 2021"
2021-01-17,Infigratinib Shows Promising Anticancer Activity in Chemo ...,OncLive,"Jan 17, 2021"
2021-01-17,Dr. Harding on the Results of the SUMMIT Trial in HER2+ ...,OncLive,"Jan 17, 2021"
2021-01-16,University makes relocation a vehicle for social change,University World News,"Jan 16, 2021"
2021-01-16,China says latest COVID-19 outbreak caused by imported cases,The Indian Express,"Jan 16, 2021"
2021-01-16,Pizza was the most searched food item across the world in 2020: Study,Republic World,"Jan 16, 2021"
2021-01-16,Dubai’s Emirates suspends flights to Sydney and Melbourne,Hindustan Times,"Jan 16, 2021"
2021-01-16,"After Trump, Biden aims to reshape the presidency itself",The Indian Express,"Jan 16, 2021"
2021-01-16,"Uganda presidential polls: Bobi Wine claims Museveni committed electoral 
fraud",Hindustan Times,"Jan 16, 2021"
2021-01-16,CIA finally releases 'all' US govt documents on UFOs,India Today,"Jan 16, 2021"
2021-01-16,Carbis Bay in Cornwall to host G7 summit in June,The Guardian,"Jan 16, 2021"
2021-01-16,"Jewish agency severs ties with Christian ministry over 'false' claims of 
proselytizing",Christian Post,"Jan 16, 2021"
2021-01-16,Thailand celebrates its Teachers' Day with fresh protests,WION,"Jan 16, 2021"
2021-01-16,Jaishankar attends meeting with parliamentary panel on external affairs,Hindustan Times,"Jan 16, 2021"
2021-01-16,India implements community projects worth $13 million in the Maldives,Hindustan Times,"Jan 16, 2021"
2021-01-16,How did Wanda and Vision go back in time? Find out why is ...,Republic World,"Jan 16, 2021"
2021-01-16,"Restaurants, bars scramble for propane amid pandemic winter",The Denver Post,"Jan 16, 2021"
2021-01-16,"Frontline Pembrolizumab Improves PFS2, HRQoL in Patients ...",OncLive,"Jan 16, 2021"
2021-01-16,Pembrolizumab Does Not Result in Negative Affects to QOL ...,OncLive,"Jan 16, 2021"
2021-01-16,TAS-102 Plus Bevacizumab Improves OS in mCRC Ineligible ...,OncLive,"Jan 16, 2021"
2021-01-16,Dr. Subbiah on the Clinical Activity of Pralsetinib in RET+ ...,OncLive,"Jan 16, 2021"
2021-01-16,Dr. Wainberg on the FIGHT Trial Results in FGFR2b+ Gastric ...,OncLive,"Jan 16, 2021"
2021-01-15,"‘News of the World’ review: Epic Western delivers a soulful message with 
Tom Hanks as noble hero",The Seattle Times,"Jan 15, 2021"
2021-01-15,Review: Tom Hanks western 'News of the World' is galloping ...,WTOP,"Jan 15, 2021"
2021-01-15,"Fresh Face: Helena Zengel Holds Her Own Opposite Tom Hanks In Her Debut 
‘News Of The World’",Deadline,"Jan 15, 2021"
2021-01-15,Indonesia earthquake: Dozens dead as search for survivors continues,BBC,"Jan 15, 2021"
2021-01-15,Statement on the sixth meeting of the International Health ...,WHO | World Health Organization,"Jan 15, 2021"
2021-01-15,Washington made a fortress for inauguration after US Capitol riot,Hindustan Times,"Jan 15, 2021"
2021-01-15,AC Valhalla Cynewulf Location: Know the locations of Kitt ...,Republic World,"Jan 15, 2021"
2021-01-15,India-born Garima Verma to be Jill Biden`s Digital Editor,WION,"Jan 15, 2021"
2021-01-15,Biden appoints David Cohen once more as deputy CIA director,Hindustan Times,"Jan 15, 2021"
2021-01-15,Uganda’s opposition leader Bobi Wine says military raids home,WION,"Jan 15, 2021"
2021-01-15,Donald Trump blacklisting jolts China’s ambitions to take on Boeing,Hindustan Times,"Jan 15, 2021"
2021-01-15,Nepal approves AstraZeneca Covid vaccine for emergency use,Hindustan Times,"Jan 15, 2021"
2021-01-15,"Pentagon says US has dropped to 2,500 troops in Afghanistan",Hindustan Times,"Jan 15, 2021"
2021-01-15,Dutch government resigns over childcare subsidies scandal,Sky News,"Jan 15, 2021"
2021-01-15,Snapchat: How to fix the Snapchat tap to load problem? A ...,Republic World,"Jan 15, 2021"
2021-01-15,How Codebreaker Elizebeth Friedman Broke Up a Nazi Spy ...,Smithsonian Magazine,"Jan 15, 2021"
2021-01-15,Fortnite Weekly Challenges Issue: Learn more about Fortnite ...,Republic World,"Jan 15, 2021"
2021-01-15,"Celebrity power undermining global conservation efforts, scientists warn",The Guardian,"Jan 15, 2021"
2021-01-15,Hong Kong blocks popular pro-democracy website HKChronicles,WION,"Jan 15, 2021"
2021-01-15,Metro Manila traffic: 2nd worst in the world — report,Inquirer.net,"Jan 15, 2021"
2021-01-15,Why were US media silent on Pfizer vaccine deaths?: Global ...,Global Times,"Jan 15, 2021"
2021-01-15,Philippine leader Rodrigo Duterte says women are not fit to be ...,The Washington Post,"Jan 15, 2021"
2021-01-15,Nepal approves use of AstraZeneca Covishield vaccine manufactured in India,IndiaTV News,"Jan 15, 2021"
2021-01-15,San Onofre's place in surfing history subject of new book,The San Diego Union-Tribune,"Jan 15, 2021"
2021-01-15,Alberta monolith comes with message to save eastern slopes ...,CTV News Calgary,"Jan 15, 2021"
2021-01-14,'News Of The World' Filmmaker Wanted To Explore The ...,NPR,"Jan 14, 2021"
2021-01-14,"2020, one of three warmest years on record: World ...",UN News,"Jan 14, 2021"
2021-01-14,Italy's Conte Looks for Outside Backing After Renzi Quits Government,US News & World Report,"Jan 14, 2021"
2021-01-14,Coronavirus update: Latest vaccine and world news,CNN International,"Jan 14, 2021"
2021-01-14,"Scott Pilgrim vs The World Game: Know the release date, price and more 
details",Republic World,"Jan 14, 2021"
2021-01-14,Law Professor Margaret Lewis Featured by Media Around the ...,Seton Hall University,"Jan 14, 2021"
2021-01-14,Search itensifies for black box of doomed Sriwijaya Air Flight,Hindustan Times,"Jan 14, 2021"
2021-01-14,Attacks on Health Care Monthly News Brief - December 2020 ...,ReliefWeb,"Jan 14, 2021"
2021-01-14,World’s oldest known cave painting found in Indonesia,The Hindu,"Jan 14, 2021"
2021-01-14,The Force re-awakens: Ubisoft working on new open-world Star Wars game,The Guardian,"Jan 14, 2021"
2021-01-14,No plans for 'divisive' vaccine passports for Canadians ...,Global News,"Jan 14, 2021"
2021-01-14,Can the 14th amendment stop Trump from becoming President again,Hindustan Times,"Jan 14, 2021"
2021-01-14,"This bat is orange, and it`s a new species altogether",WION,"Jan 14, 2021"
2021-01-14,Watch list shows impact of pandemic on religious persecution,Baptist Standard,"Jan 14, 2021"
2021-01-14,"IFFI reveals films under World Panorama Section, 8 movies from Germany, 6 
from France",Republic World,"Jan 14, 2021"
2021-01-14,"FAA toughens unruly passenger policy after flight disruptions in wake of 
Capitol riot",ABC News,"Jan 14, 2021"
2021-01-14,Spectacled 'Paddington' bears venture out at Machu Picchu,Sky News,"Jan 14, 2021"
2021-01-14,South Korea: Ex-president Park Geun-hye’s long jail term upheld,The Indian Express,"Jan 14, 2021"
2021-01-14,Abu Dhabi Investment Office opens eight global offices to attract investors,The Economic Times,"Jan 14, 2021"
2021-01-14,MAGAzuelans: Trump’s last line of defense,Brookings,"Jan 14, 2021"
2021-01-14,Former Taekwondo Canada coach found guilty of sex-related ...,CTV News Toronto,"Jan 14, 2021"
2021-01-14,"Monero, Zcash, and Dash Respond to Bittrex's Delisting Plans",Bitrates.com,"Jan 14, 2021"
2021-01-13,Fruit World experiences exceptional citrus growing season ...,The Produce News,"Jan 13, 2021"
2021-01-13,Good news for Africa's Great Green Wall - World,ReliefWeb,"Jan 13, 2021"
2021-01-13,Global VC Report 2020: Funding And Exits Blow Past 2019 ...,Crunchbase News,"Jan 13, 2021"
2021-01-13,Fiji's attorney general won't face charges over 1987 bombings,The Guardian,"Jan 13, 2021"
2021-01-13,Transcript of Trump's speech at rally before US Capitol riot,AP News,"Jan 13, 2021"
2021-01-13,13 Christians killed every day in the world because of their faith,Vatican News,"Jan 13, 2021"
2021-01-13,"China in darkest period for human rights since Tiananmen, says rights group",The Guardian,"Jan 13, 2021"
2021-01-13,'Boy Meets World's' Ethan Suplee flaunts his abs in shirtless ...,Republic World,"Jan 13, 2021"
2021-01-13,Conflict over Capitol mob coverage roils Orthodox Jewish ...,The Jewish News of Northern California,"Jan 13, 2021"
2021-01-13,News Sources for Kids,Chicago Parent,"Mar 3, 2021"
2021-01-13,Covid-19: UK armed forces dealing with ‘most dangerous situation’,Hindustan Times,"Jan 13, 2021"
2021-01-13,Climate crisis: record ocean heat in 2020 supercharged extreme weather,The Guardian,"Jan 13, 2021"
2021-01-13,World's 'oldest known cave painting' found in Indonesia,The Guardian,"Jan 13, 2021"
2021-01-13,Lucasfilm Games Hits Lightspeed Toward the Future,StarWars.com,"Jan 13, 2021"
2021-01-13,Social media manipulation a growing threat to democracies: Oxford study,Hindustan Times,"Jan 13, 2021"
2021-01-13,Snapchat Cameo: How to delete Snapchat Cameo? A step by ...,Republic World,"Jan 13, 2021"
2021-01-13,Why the Candy Bar Market Exploded After World War I,History.com,"Jan 13, 2021"
2021-01-13,"Ndrangheta syndicate: Biggest mafia trial in decades begins as prosecutor 
says he won't be intimidated",Sky News,"Jan 13, 2021"
2021-01-13,"World News, International Politics, Global Economy & ...",Fair Observer,"Jan 13, 2021"
2021-01-13,Uganda’s Yoweri Museveni: From reformer to autocrat,The Indian Express,"Jan 13, 2021"
2021-01-13,Insects crawl towards European dinner plates after human food approval,Sky News,"Jan 13, 2021"
2021-01-13,"Man loses Bitcoin password with over Rs 1,800 crore in cryptocurrency",India Today,"Jan 13, 2021"
2021-01-13,"New bill would fight homelessness by raising California’s corporate tax 
rates",The Mercury News,"Jan 13, 2021"
2021-01-13,"‘Uphold apolitical standards’: US army's rare message amid threats of 
violence",Hindustan Times,"Jan 13, 2021"
2021-01-13,Pokemon Go Shiny Hippopotas: Learn more about Shiny Hippopotas in Pokemon Go,Republic World,"Jan 13, 2021"
2021-01-13,Kuwait`s cabinet members resign en masse in standoff with parliament,WION,"Jan 13, 2021"
2021-01-13,Mumbai second most congested city in the world after Moscow,Hindustan Times,"Jan 13, 2021"
2021-01-13,More management measures lead to healthier fish populations,UCT News,"Jan 13, 2021"
2021-01-13,New name proposed for Atlanta’s Grady Stadium,Atlanta Journal-Constitution,"Jan 13, 2021"
2021-01-12,Pandemic Cut Traffic Congestion in Most Countries Last Year: Report,US News,"Jan 12, 2021"
2021-01-12,Japan Identifies a New Coronavirus Variant,USNews.com,"Jan 12, 2021"
2021-01-12,LA Schools Chief: Kids Must Get Coronavirus Vaccine to Return,USNews.com,"Jan 12, 2021"
2021-01-12,"UNICEF, WHO, IFRC and MSF announce the establishment of ...",WHO | World Health Organization,"Jan 12, 2021"
2021-01-12,Christian persecution rises as people refused aid in Covid crisis – report,The Guardian,"Jan 12, 2021"
2021-01-12,Australia the only developed nation on world list of deforestation hotspots,The Guardian,"Jan 12, 2021"
2021-01-12,Sea Sponge: The Strongest 'Uncrushable' Glass Skeleton Species,Nature World News,"Jan 12, 2021"
2021-01-12,AstraZeneca applies for EU approval of its vaccine,The Indian Express,"Jan 12, 2021"
2021-01-12,Adidas to Make Fungus-Made Shoes to Replace Leather,Nature World News,"Jan 12, 2021"
2021-01-12,Donald Trump impeachment: What would it mean?,The Indian Express,"Jan 12, 2021"
2021-01-12,CIA documents on UFOs unexpectedly made available to download,Hindustan Times,"Jan 12, 2021"
2021-01-12,East Bay man makes US golf history with 2-shot condor,The Mercury News,"Jan 12, 2021"
2021-01-12,"Lana Del Rey compares Donald Trump to 'a reflection of world's greatest 
problem'; Read",Republic World,"Jan 12, 2021"
2021-01-12,New Sally Rooney novel to be published in September,The Guardian,"Jan 12, 2021"
2021-01-12,"Germany busts ‘world’s largest’ darknet site trading in drugs, forgeries",WION,"Jan 12, 2021"
2021-01-12,"Nagorno-Karabakh: Putin hosts talks between Armenia, Azerbaijan leaders",WION,"Jan 12, 2021"
2021-01-12,French woman spends three years trying to prove she is not dead,The Guardian,"Jan 12, 2021"
2021-01-12,World's richest man Elon Musk once didn't have enough to pay for car repairs,Republic World,"Jan 12, 2021"
2021-01-12,Silencing Trump: How 'big tech' is taking Trumpism offline,BBC,"Jan 12, 2021"
2021-01-12,Breaking News January 12,IndiaTV News,"Jan 12, 2021"
2021-01-12,Two-thirds of Earth's land is on pace to lose water as the climate warms,Phys.org,"Jan 12, 2021"
2021-01-12,"Dickenson Co. Board of Supervisors passes resolution calling for special 
election to fill state senator’s seat",WJHL,"Jan 12, 2021"
2021-01-12,"Midcentury architectural marvel, Portland’s Wedgwood Home of Tomorrow, is 
for sale at $639,000",Oregon Live,"Jan 12, 2021"
2021-01-12,Walt Disney World Update - Replacing Magic Bands & Magic ...,MiceChat,"Jan 12, 2021"
2021-01-12,Australia's oldest person Dexter Kruger celebrates 111th birthday in Roma,ABC,"Jan 12, 2021"
2021-01-12,Eliminating Lead Emissions From Small Aircraft Will Require ...,National Academies,"Jan 12, 2021"
2021-01-12,Network Your Way Out of Isolation & Build Your Brand,CircusTalk,"Jan 12, 2021"
2021-01-12,Huntington Ingalls to Assemble Boeing's Orca Unmanned ...,Defense World,"Jan 12, 2021"
2021-01-11,A veteran and child become pals in moving Tom Hanks ...,Star Tribune,"Jan 11, 2021"
2021-01-11,"Top 10 world news: Melania Trump condemns Capitol riots, Indian vaccine 
price, and more",WION,"Jan 11, 2021"
2021-01-11,Washington mayor asks for increased security around Joe Biden's inauguration,Hindustan Times,"Jan 11, 2021"
2021-01-11,AC Valhalla The Walloper: Here is a brief guide for this world event,Republic World,"Jan 11, 2021"
2021-01-11,Post-Brexit Britain better-off as a global broker: Report,Hindustan Times,"Jan 11, 2021"
2021-01-11,Suspension of Trump`s Twitter account is `problematic`: Angela Merkel,WION,"Jan 11, 2021"
2021-01-11,"Destiny 2 Phaseglass Needle farm: Where to get Phaseglass Needle in Beyond 
Light expansion",Republic World,"Jan 11, 2021"
2021-01-11,How to summon Shenron in DBFZ? A detailed step-by-step guide,Republic World,"Jan 11, 2021"
2021-01-11,Saudi Arabia to build a zero emissions city,The Indian Express,"Jan 11, 2021"
2021-01-11,Esther Dingley: Missing hiker's partner 'in a world without sense',BBC,"Jan 11, 2021"
2021-01-11,"Turkish televangelist sentenced to 1,075 years for sex crimes",The Guardian,"Jan 11, 2021"
2021-01-11,What happened to Ty on 'Heartland'? Here's the character's fate,Republic World,"Jan 11, 2021"
2021-01-11,"Melania Trump breaks silence, says this about Donald Trump`s supporters",Zee News,"Jan 11, 2021"
2021-01-11,Fox News replaces news with opinion in key time slot,Los Angeles Times,"Jan 11, 2021"
2021-01-11,Istanbul's students protest against Erdogan-appointed university rector,WION,"Jan 11, 2021"
2021-01-11,North Korea's Kim adds title: General secretary of ruling party,India Today,"Jan 11, 2021"
2021-01-11,Hanuma Vihari creates world record in Tests after incredible ...,Republic World,"Jan 11, 2021"
2021-01-11,"Capitol police officer who steered mob away from Senate chambers hailed a 
hero",The Guardian,"Jan 11, 2021"
2021-01-10,Spain Shovels Out of Snowdrifts Left by Storm Filomena,USNews.com,"Jan 10, 2021"
2021-01-10,"For Trump and the nation, a final test of accountability",WION,"Jan 10, 2021"
2021-01-10,"As coronavirus mutates, the world stumbles again to respond",The Indian Express,"Jan 10, 2021"
2021-01-10,"Ethiopian women raped in Mekelle, says soldier",WION,"Jan 10, 2021"
2021-01-10,Sriwijaya Air crash places Indonesia's aviation safety under fresh spotlight,Hindustan Times,"Jan 10, 2021"
2021-01-10,Chinese state media blast latest Pompeo move on Taiwan,Hindustan Times,"Jan 10, 2021"
2021-01-10,"French lack confidence in Macron virus effort, poll shows",Hindustan Times,"Jan 10, 2021"
2021-01-10,Arnold Schwarzenegger tells President Trump he is ‘Terminated’,Hindustan Times,"Jan 10, 2021"
2021-01-10,"After massive blackout, power supply being restored gradually in Pakistan",Hindustan Times,"Jan 10, 2021"
2021-01-10,Canadian party distances from politician who attended farmers’ rally,Hindustan Times,"Jan 10, 2021"
2021-01-10,"UPDATE: PGA has stripped Trump Bedminster of 2022 PGA Championship | Trump 
responds",NJ.com,"Jan 10, 2021"
2021-01-09,Movie Review - News of the World,Kiowa County Press,"Jan 9, 2021"
2021-01-09,"Trump's tweets: Infamous, offensive and bizarre posts by @realDonaldTrump",Sky News,"Jan 9, 2021"
2021-01-09,World’s oldest orangutan at Oregon zoo euthanized,KIRO 7,"Jan 9, 2021"
2021-01-09,Queen Elizabeth and husband receive Covid-19 vaccines: Palace,Hindustan Times,"Jan 9, 2021"
2021-01-09,Hezbollah denies any role in production of amphetamines,BBC,"Jan 9, 2021"
2021-01-09,Giant sinkhole appears in hospital`s car park in Italy,WION,"Jan 9, 2021"
2021-01-09,"62 passengers, crew aboard Indonesia plane suspected to have crashed",Hindustan Times,"Jan 9, 2021"
2021-01-09,"Archaeology breakthrough: Divers found Churchill's sunken WW2 treasure 
worth £150m",Daily Express,"Jan 9, 2021"
2021-01-09,First Qatari vehicles cross border into Saudi after Gulf detente,Hindustan Times,"Jan 9, 2021"
2021-01-09,Billionaires who championed Donald Trump have now gone largely quiet,Hindustan Times,"Jan 9, 2021"
2021-01-09,Australia's Top 100 Female Athletes,Sporting News,"Jan 9, 2021"
2021-01-09,"'She was deep into it': Ashli Babbitt, killed in Capitol riot, was devoted 
conspiracy theorist",The Guardian,"Jan 9, 2021"
2021-01-09,Saudi Arabia King Salman receives COVID-19 vaccine,WION,"Jan 9, 2021"
2021-01-08,NM-filmed 'News of the World' available on Jan. 15,Albuquerque Journal,"Jan 8, 2021"
2021-01-08,Why global markets appear impervious to bad news,The Guardian,"Jan 8, 2021"
2021-01-08,Indian-American groups condemn attack on US Capitol,Hindustan Times,"Jan 8, 2021"
2021-01-08,Auburn Swimming & Diving Sweeps Georgia Tech,Swimming World,"Jan 8, 2021"
2021-01-08,Republican Ben Sasse would consider Democratic effort to impeach Trump,Hindustan Times,"Jan 8, 2021"
2021-01-08,Ranger mine ends processing operations : Uranium & Fuel,World Nuclear News,"Jan 8, 2021"
2021-01-08,European organisation launched for cooperation in waste ...,World Nuclear News,"Jan 8, 2021"
2021-01-08,"Object that whizzed by Earth probably came from alien world, Harvard 
professor asserts",CBS News,"Jan 8, 2021"
2021-01-08,Elon Musk Surpasses Jeff Bezos as The World's Richest Person,Spectrum News,"Jan 8, 2021"
2021-01-08,Climate change: 2020 in a dead heat for world's warmest year,BBC,"Jan 8, 2021"
2021-01-08,"Twitter permanently suspends Donald Trump's account; president teases new 
platform",ABC News,"Jan 8, 2021"
2021-01-08,"China using proxies to intimidate people across world, says Canadian 
minister",Hindustan Times,"Jan 8, 2021"
2021-01-08,"Survey ranks Green Bay safest U.S. city as police continue efforts to curb 
gun violence",Green Bay Press-Gazette,"Jan 8, 2021"
2021-01-08,What is the Signal App and why is Elon Musk recommending it? Find out,Republic World,"Jan 8, 2021"
2021-01-08,"Donald Trump, increasingly isolated, lashes out at Mike Pence: Report",Hindustan Times,"Jan 8, 2021"
2021-01-08,Covid: Side effect leaves boy with 'no memory of Christmas',BBC,"Jan 8, 2021"
2021-01-08,How bottled water catapulted Zhong Shanshan to world's richest list,Times Now,"Jan 8, 2021"
2021-01-08,"Luvo Manyonga, former long jump world champion, facing four-year-ban",The Guardian,"Jan 8, 2021"
2021-01-08,"Zaki-ur-Rehman Lakhvi: UN-designated terrorist, 26/11 mastermind",Hindustan Times,"Jan 8, 2021"
2021-01-08,"Identical twins do not have identical genetics, study finds",Sky News,"Jan 8, 2021"
2021-01-08,Better Data for a Better Understanding of Cannabidiol (CBD ...,US Food and Drug Administration,"Jan 8, 2021"
2021-01-08,Indonesia clerics declare China COVID vaccine ‘halal’,The Indian Express,"Jan 8, 2021"
2021-01-08,France braces for more duck slaughters to halt flu outbreak,WION,"Jan 8, 2021"
2021-01-08,FIFA to trial concussion substitutes at Club World Cup,Times of India,"Jan 8, 2021"
2021-01-08,Three Foreign Nationals Charged with Conspiring to Provide ...,Department of Justice,"Jan 8, 2021"
2021-01-08,Moderna vaccine becomes third COVID-19 vaccine approved ...,GOV.UK,"Jan 8, 2021"
2021-01-08,Cocaine and cannabis seized in Leamington drug raid,CTV News Windsor,"Jan 8, 2021"
2021-01-07,World reaction to the storming of the US Capitol,AP News,"Jan 7, 2021"
2021-01-07,"Elon Musk is now the richest person in the world, passing Jeff Bezos",CNBC,"Jan 7, 2021"
2021-01-07,Arizona becomes Covid hotspot of the world as governor resists restrictions,The Guardian,"Jan 7, 2021"
2021-01-07,"‘Is this America?’ Newspaper front pages around world weigh in on storming 
of U.S. Capitol",Oregon Live,"Jan 7, 2021"
2021-01-07,Indian-American becomes US Army’s first CIO,The Indian Express,"Jan 7, 2021"
2021-01-07,"'Disgraceful' and 'distressing': World leaders react to storming of US 
Capitol",Sky News,"Jan 7, 2021"
2021-01-07,Swimming World Presents - Swimming Technique Concepts ...,Swimming World,"Jan 7, 2021"
2021-01-07,"US democracy is `limping`, say the Russians",WION,"Jan 7, 2021"
2021-01-07,China launches world's largest carbon market for power sector,Climate Home News,"Jan 7, 2021"
2021-01-07,At least four dead after Trump supporters ransack US Capitol,Hindustan Times,"Jan 7, 2021"
2021-01-07,What happened in Washington DC is happening around the world,The Guardian,"Jan 7, 2021"
2021-01-07,Capitol breach draws sharp condemnation of law enforcement,WION,"Jan 7, 2021"
2021-01-07,Destiny 2: How to get The Fourth Mark ship in the High Celebrant hunt?,Republic World,"Jan 7, 2021"
2021-01-07,"Marcus Rashford crowned world's most valuable footballer at £150m ahead of 
Haaland, Mbappe",Republic World,"Jan 7, 2021"
2021-01-07,Antarctic base opens briefly as berg watch continues,BBC,"Jan 7, 2021"
2021-01-07,Japanese company makes system that recognises people through masks,WION,"Jan 7, 2021"
2021-01-07,DP World to build US$1Bn port and terminal in Senegal,Riviera Maritime Media,"Jan 7, 2021"
2021-01-07,Iraq issues arrest warrant for Donald Trump over 'premeditated murder',The Mirror,"Jan 7, 2021"
2021-01-07,"These European countries entered 2021 with fresh lockdowns, restrictions",The Indian Express,"Jan 7, 2021"
2021-01-07,"Baked Alaska, the QAnon Shaman … who led the storming of the Capitol?",The Guardian,"Jan 7, 2021"
2021-01-07,Trump Finally Pledges 'Orderly' Transfer of Power After Day of ...,Extra.ie,"Jan 7, 2021"
2021-01-07,General Atomics to Manufacture Hypersonic Projectiles for ...,Defense World,"Jan 7, 2021"
2021-01-07,BRIEF-Indo Rama Synthetics (India) - Susheel Kumar ...,Investing.com,"Jan 7, 2021"
2021-01-06,Video History of the World News Now polka,ABC News,"Jan 6, 2021"
2021-01-06,Rah! Japanese Cheerleaders Lift Spirits Amid Pandemic ...,USNews.com,"Jan 6, 2021"
2021-01-06,"Mob attack on U.S. Capitol dominates overseas news, unnerves world: ‘The 
mayhem is unlike any in living memor",Oregon Live,"Jan 6, 2021"
2021-01-06,The world's first integrated quantum communication network,Phys.org,"Jan 6, 2021"
2021-01-06,"Apple services entertain, inform, and connect the world in ...",Apple,"Jan 6, 2021"
2021-01-06,Alaska: Trump opens wilderness up for oil drilling,BBC,"Jan 6, 2021"
2021-01-06,COVID-19: Moderna vaccine approved by EU drugs regulator,Sky News,"Jan 6, 2021"
2021-01-06,"21 People Experienced Anaphylaxis After Getting the Pfizer Coronavirus 
Vaccine, CDC Says",USNews.com,"Jan 6, 2021"
2021-01-06,No More Material World? Post-pandemic Consumerism A ...,Michigan Technological University,"Jan 6, 2021"
2021-01-06,"World on Wheels, the skating rink Nipsey Hussle saved, closes",Los Angeles Times,"Jan 6, 2021"
2021-01-06,AP PHOTOS: Scenes of violence at U.S. Capitol shock world,AP News,"Jan 6, 2021"
2021-01-06,THL Completes Sale of 50% Stake in CSafe Global to Frazier ...,Business Wire,"Jan 6, 2021"
2021-01-06,"'Catalyst for a movement': People around the world don ribbon skirts after 
Sask. girl shamed for wearing hers",CBC,"Jan 6, 2021"
2021-01-06,China's Sinopharm vaccine 'most unsafe in world' with 73 side ...,Taiwan News,"Jan 6, 2021"
2021-01-06,Fact Check: Was General Electric sold to China? Who owns ...,Republic World,"Jan 6, 2021"
2021-01-06,"Stacey Abrams: Lawyer, voting rights activist who turned Georgia blue",Hindustan Times,"Jan 6, 2021"
2021-01-06,South Korean city to pay residents $100K to have babies,UPI.com,"Jan 6, 2021"
2021-01-06,"Lawmakers, world leaders condemn chaos at the U.S. Capitol while some call 
for Trump's removal",CBC,"Jan 6, 2021"
2021-01-06,Georgia election results: Why two wins are huge for Biden,BBC,"Jan 6, 2021"
2021-01-06,World Bank commits USD 105 million to improve West Bengal waterways,Hindustan Times,"Jan 6, 2021"
2021-01-06,COD Warzone Bot Lobby Glitch Explained! What is it and how ...,Republic World,"Jan 6, 2021"
2021-01-06,"Afghanistan busted Chinese spy ring, kept it a secret. NDS chief explains 
why",Hindustan Times,"Jan 6, 2021"
2021-01-06,US welcomes arrest of 26/11 attack mastermind and LeT commander Lakhvi,The Indian Express,"Jan 6, 2021"
2021-01-06,UK blue chips hit 10-month high as bank and energy stocks gain,Reuters,"Jan 6, 2021"
2021-01-06,EIG to sell minority stake in natural gas pipeline operator TBG,Hydrocarbons Technology,"Jan 6, 2021"
2021-01-06,Naked fugitive rescued from tree by fishermen,Sky News,"Jan 6, 2021"
2021-01-05,"‘News of the World’ is a serious Best Picture Oscars threat hiding in plain 
sight",GoldDerby,"Jan 5, 2021"
2021-01-05,U.S News Names Sarasota 'Best Place to Retire',Sarasota Magazine,"Jan 5, 2021"
2021-01-05,Indonesia Governor Believes Drone Behind Security Scare ...,USNews.com,"Jan 5, 2021"
2021-01-05,Iran Ratchets Up Aggression Ahead of Biden Inauguration,USNews.com,"Jan 5, 2021"
2021-01-05,Georgia votes to decide who controls Senate,Hindustan Times,"Jan 5, 2021"
2021-01-05,Electric cars rise to record 54% market share in Norway in 2020,Reuters,"Jan 5, 2021"
2021-01-05,China sentences top banker to death for corruption and bigamy,The Guardian,"Jan 5, 2021"
2021-01-05,YouTube suspends Murdoch-backed radio station in UK,Hindustan Times,"Jan 5, 2021"
2021-01-05,‘A lifetime of torture’: the story of the woman Trump is rushing to execute,The Guardian,"Jan 5, 2021"
2021-01-05,"Olivier Duhamel: French political scientist faces inquiry over sex abuse 
claims",BBC,"Jan 5, 2021"
2021-01-05,"‘Hidden Epidemic’ of Violence Against Refugee Women in Kenya’s COVID 
Lockdowns",VICE,"Jan 5, 2021"
2021-01-05,GLOBAL MARKETS Stocks fall as investors brace for possible ...,Reuters,"Jan 5, 2021"
2021-01-05,‘We’d had enough’: Why are Google employees unionizing?,Hindustan Times,"Jan 5, 2021"
2021-01-05,"World News, International Politics, Global Economy & ...",Fair Observer,"Jan 5, 2021"
2021-01-05,"Justin Bieber announces new church after scandals involving Carl Lentz, his 
‘second father’",The Mercury News,"Jan 5, 2021"
2021-01-05,Honda halts UK car output on Tuesday and Wednesday due ...,Reuters,"Jan 5, 2021"
2021-01-05,Camping advert of man eating bat sandwich investigated in Australia,Hindustan Times,"Jan 5, 2021"
2021-01-05,Death of toddler sparks outrage in South Korea,UPI,"Jan 5, 2021"
2021-01-05,"Bill Gates hails India’s leadership in scientific innovation, vaccine 
manufacturing",Hindustan Times,"Jan 5, 2021"
2021-01-05,French troops face grim reality in Mali,WION,"Jan 5, 2021"
2021-01-05,Chonky Kitty: The Internet’s Unhealthy Obsession Over Obese Cats,Nature World News,"Jan 5, 2021"
2021-01-05,Bradley Cooper's Birthday: Facts you need to know about ...,Republic World,"Jan 5, 2021"
2021-01-05,Who is Matt James from 'The Bachelor'? All you need to know about him,Republic World,"Jan 5, 2021"
2021-01-05,Korean Delegation to Negotiate Release of Tanker in Iran,Tasnim News Agency,"Jan 5, 2021"
2021-01-05,"India's supreme court gives go-ahead for controversial new parliament 
building",The Guardian,"Jan 5, 2021"
2021-01-05,Apple will modify executive bonuses based on environmental ...,Reuters,"Jan 5, 2021"
2021-01-05,Why Saudi Arabia cut diplomatic ties with Qatar in 2017,WION,"Jan 5, 2021"
2021-01-05,$550 million busted deal trial between private equity funds ...,Reuters,"Jan 5, 2021"
2021-01-05,MOVES-Triller hires CFO ahead of potential stock market listing,Reuters,"Jan 5, 2021"
2021-01-05,"Chinese J-10C, J-11B Fighters Simulated Indian Rafale, Su ...",Defense World,"Jan 5, 2021"
2021-01-05,Explainer-What's next for Rio Tinto's Arizona copper project ...,Reuters,"Jan 5, 2021"
2021-01-04,"Movie Review: ‘News of the World’ Doesn’t Have Much Wrong; Most People Will 
Find Something to Appreciate and Enjoy with Rustic Mood",High Country Press,"Jan 4, 2021"
2021-01-04,Instant View: England Heads Into New COVID Lockdown ...,USNews.com,"Jan 4, 2021"
2021-01-04,"Fiat Chrysler and Peugeot shareholders vote to merge, creating world's 
fourth-largest car maker",NBC News,"Jan 4, 2021"
2021-01-04,Construction of new Chinese power plant begins : New Nuclear,World Nuclear News,"Jan 4, 2021"
2021-01-04,Does a Suit Make a Swimmer?,Swimming World,"Jan 4, 2021"
2021-01-04,Jurassic World Evolution system requirements to experience ...,Republic World,"Jan 4, 2021"
2021-01-04,Fact check: Has Conor McGregor sued Jake Paul for insulting ...,Republic World,"Jan 4, 2021"
2021-01-04,"A ring with 12,638 diamonds sets a Guinness World Record",The Mercury News,"Jan 4, 2021"
2021-01-04,World of warships system requirements: How to play it across ...,Republic World,"Jan 4, 2021"
2021-01-04,Chris Wood signs $41M deal five years after girlfriend dumped ...,Republic World,"Jan 4, 2021"
2021-01-04,"Google workers announce union, escalates years of tensions with management",Hindustan Times,"Jan 4, 2021"
2021-01-04,Explained: How close is Iran to producing a nuclear bomb?,Hindustan Times,"Jan 4, 2021"
2021-01-04,Perihelion: The Day Earth is Closest to the Sun,Nature World News,"Jan 4, 2021"
2021-01-04,New data-driven global climate model provides projections for ...,Illinois News Bureau,"Jan 4, 2021"
2021-01-04,China’s Covid-19 whistleblower says hospital left her nearly blind,Hindustan Times,"Jan 4, 2021"
2021-01-04,Guild Wars 2 System Requirements: The Required Features ...,Republic World,"Jan 4, 2021"
2021-01-04,"Jon Jones slams 'hater' Daniel Cormier while celebrating 6th anniversary of 
UFC 182",Republic World,"Jan 4, 2021"
2021-01-04,Man Sets World Record For Longest Swim Underwater In Ocean With One Breath,LADbible,"Jan 4, 2021"
2021-01-04,"From embargo to embrace, Saudi Arabia pushes Gulf detente",Reuters,"Jan 4, 2021"
2021-01-04,Amazon's Bezos tops list of richest charitable gifts in 2020,ABC News,"Jan 4, 2021"
2021-01-04,"Real Madrid transfer news: Alaba close to joining Los Blancos as Bayern 
contract nears end",Republic World,"Jan 4, 2021"
2021-01-04,Former GP Global Head of Bunkering Launches New Bunker ...,Ship & Bunker,"Jan 4, 2021"
2021-01-04,Wall Street places bet on solid revenue growth for Airbnb ...,Reuters,"Jan 4, 2021"
2021-01-04,McDonald's wants a bite of crispy chicken market with new ...,Reuters,"Jan 4, 2021"
2021-01-04,"Greta Thunberg to expose climate secrets in pub on 18th birthday away from 
‘evil handler'",Daily Express,"Jan 4, 2021"
2021-01-04,Dollar turns higher as risk sentiment wanes,Reuters,"Jan 4, 2021"
2021-01-04,"Hiltzik: Why Buffett, Bezos and Dimon went bust on healthcare",Los Angeles Times,"Jan 4, 2021"
2021-01-04,Oil Futures Back Off Highs Even as OPEC+ May Forgo Hike,DTN/Progressive Farmer,"Jan 4, 2021"
2021-01-04,Breakingviews - Tokopedia neatly channels Indonesia's ...,Reuters,"Jan 4, 2021"
2021-01-04,Fact check: New photographs of UK COVID-19 vaccine ...,Reuters,"Jan 4, 2021"
2021-01-04,"City investigating Grove Park home built after Bottoms’ development 
moratorium",Atlanta Journal-Constitution,"Jan 4, 2021"
2021-01-04,Latest COVID-19 Figures As Decision on Schools To Come ...,Extra.ie,"Jan 4, 2021"
2021-01-04,Brazilian asset manager Vinci files for IPO on Nasdaq,Reuters,"Jan 4, 2021"
2021-01-04,‘Real Housewives of Atlanta’ season 13 episode 4 recap,Atlanta Journal-Constitution,"Jan 4, 2021"
2021-01-03,The world in 2021 – how global politics will change this year,The Guardian,"Jan 3, 2021"
2021-01-03,Many Scientists Now Say Global Warming Could Stop ...,Inside Climate News,"Jan 3, 2021"
2021-01-03,Inside the hyper-local world of Facebook’s ‘buy nothing’ groups,The Guardian,"Jan 3, 2021"
2021-01-03,GLOBAL MARKETS Asia shares start new year in upbeat ...,Reuters,"Jan 3, 2021"
2021-01-03,"Ireland passes 100,000 cases – as it happened",The Guardian,"Jan 3, 2021"
2021-01-03,Indian shares hit record high as country approves COVID-19 ...,Reuters,"Jan 3, 2021"
2021-01-03,"On Scottish referendum, UK PM says vote should only happen ...",Reuters,"Jan 3, 2021"
2021-01-03,Stowaway tells how he survived 11-hour flight to UK in new film,The Guardian,"Jan 3, 2021"
2021-01-03,Pope criticises people going on holiday to flee COVID lockdowns,WION,"Jan 3, 2021"
2021-01-03,Ending Poverty | United Nations,the United Nations,"Jan 3, 2021"
2021-01-03,"Deaths of 2 female Army soldiers probed in Texas, 1 fatally shot on freeway",ABC News,"Jan 3, 2021"
2021-01-03,"Neighbour`s trash: Harvard professor claims celestial objects are space 
garbage",WION,"Jan 3, 2021"
2021-01-03,Gunmen kill 11 Hazara coal miners in Pakistan,Hindustan Times,"Jan 3, 2021"
2021-01-03,Carl Icahn sells over half his Herbalife stake for $600 mln - WSJ,Reuters,"Jan 3, 2021"
2021-01-03,Family of 12 siblings sets Guinness World Record for 'highest combined age',Republic World,"Jan 3, 2021"
2021-01-03,Singapore set for slow recovery from pandemic after worst ...,Reuters,"Jan 3, 2021"
2021-01-03,"China's GEM seeks to double stake, take control of Indonesia ...",Reuters,"Jan 3, 2021"
2021-01-02,"Tom Hanks’ Soulful ‘News of the World’ Arrives with Perfect Timing to 
Provide Healing",Hollywood Insider,"Jan 2, 2021"
2021-01-02,What is ‘the Great Reset’ and why is it inspiring conspiracy theories?,Deseret News,"Jan 2, 2021"
2021-01-02,"Top 10 world news: Lakhvi arrested in Pakistan, Iran uranium ...",WION,"Jan 2, 2021"
2021-01-02,Mexico City begins 2021 with ban on single-use plastics,The Indian Express,"Jan 2, 2021"
2021-01-02,PM Modi ranks No 1 among global leaders in these challenging times: Nadda,Hindustan Times,"Jan 2, 2021"
2021-01-02,Niger's presidential election heads to February runoff,Reuters,"Jan 2, 2021"
2021-01-02,Iran's foreign minister urges Trump to avoid Israel 'trap' to ...,Reuters,"Jan 2, 2021"
2021-01-02,Kazakhstan ratifies international protocol to abolish death penalty,Hindustan Times,"Jan 2, 2021"
2021-01-02,Somalia's al Shabaab says behind Turkish company attack ...,Reuters,"Jan 2, 2021"
2021-01-02,"Tesla 2020 deliveries beat estimates, but fall just short of ...",Reuters,"Jan 2, 2021"
2021-01-02,Turkey-Pakistan in top-level discussion over nuclear weapon program,Zee News,"Jan 2, 2021"
2021-01-02,Deutsche Bank should play leading role in banking ...,Reuters,"Jan 2, 2021"
2021-01-02,Weber sports program engages all grades,Atlanta Journal-Constitution,"Jan 2, 2021"
2021-01-01,Pope prays for Yemen & kidnapped Nigerian Bishop on World ...,Vatican News,"Jan 1, 2021"
2021-01-01,"Make 2021 'safer, healthier world for children', UNICEF chief ...",UN News,"Jan 1, 2021"
2021-01-01,UK reactivates emergency hospitals as coronavirus cases surge,Hindustan Times,"Jan 1, 2021"
2021-01-01,North Korea’s Kim thanks people in rare New Year’s cards,The Indian Express,"Jan 1, 2021"
2021-01-01,Murakami urges politicians to speak sincerely about Covid-19,Hindustan Times,"Jan 1, 2021"
2021-01-01,Japan’s emperor acknowledges ‘virus hardship’ in video message,Hindustan Times,"Jan 1, 2021"
2021-01-01,Iraq explosives experts working to defuse mine on oil tanker,Hindustan Times,"Jan 1, 2021"
2021-01-01,Autonomous delivery robots hit Japanese streets,NHK.JP,"Jan 1, 2021"
2021-01-01,How can the world boost efforts to end child labour in 2021?,Reuters,"Jan 1, 2021"
2021-01-01,Australia changes word in anthem to honour Indigenous people,Hindustan Times,"Jan 1, 2021"
2021-01-01,Anti-vaccine sentiment rife in Poland | World News,The Indian Express,"Jan 1, 2021"
2021-01-01,Russian annual oil output falls for the first time since 2008 on ...,Reuters,"Jan 1, 2021"
2021-01-01,"Imran Khan says his govt wants to learn from China’s development model to 
eradicate poverty",The Indian Express,"Jan 1, 2021"
2021-01-01,Moghalu bags Anambra traditional title | The Guardian Nigeria ...,The Guardian Nigeria News,"Jan 1, 2021"
2021-01-01,Activists cheer as 'sexist' tampon tax is scrapped,BBC,"Jan 1, 2021"
2021-01-01,"Fundamental is to invent a game to test who is the best cricketer in the 
world: UKC chairman Ravi Thakran",Hindustan Times,"Jan 1, 2021"
2021-01-01,Chicago ends 2020 with 769 homicides as gun violence surges,AP News,"Jan 1, 2021"
2021-01-01,Valve releases details about 2021 DPC,Reuters,"Jan 1, 2021"
